ADMIN_NAME,ADMIN_FIPS,STATE,STATE_FIPS,NAME,SUFFIX,POP,SQ_MILES,PRIM_MILES,Mining,Total Operations Area sq Miles,Fraction Mining Operations
Pike County,21195,KY,21,Pike,County,57369,785.6969497,170.4516329,Mining,454.503,0.578471127
Harlan County,21095,KY,21,Harlan,County,3423,467.9992674,123.0049182,Mining,226.428,0.48382127
Knott County,21119,KY,21,Knott,County,16346,352.9846107,101.6022403,Mining,195.649,0.554270623
Perry County,21193,KY,21,Perry,County,7915,342.7169986,156.9947422,Mining,180.79,0.527519793
Letcher County,21133,KY,21,Letcher,County,24519,339.1253432,116.2582833,Mining,156.277,0.460823713
Leslie County,21131,KY,21,Leslie,County,11310,404.3425307,109.8339119,Mining,150.598,0.372451544
Floyd County,21071,KY,21,Floyd,County,15279,395.420098,122.4335734,Mining,144.962,0.366602509
Boone County,54005,WV,54,Boone,County,24629,502.6974623,156.5242247,Mining,116.731,0.232209249
Martin County,21159,KY,21,Martin,County,4799,230.6865113,90.32918583,Mining,110.705,0.479893685
Bell County,21013,KY,21,Bell,County,310235,361.1615354,105.301379,Mining,102.449,0.283665313
Breathitt County,21025,KY,21,Breathitt,County,13878,495.2666643,143.9327116,Mining,97.118,0.196092342
Logan County,54045,WV,54,Logan,County,36743,455.6554041,140.2374378,Mining,87.595,0.192239572
Mingo County,54059,WV,54,Mingo,County,26839,427.6161269,157.6716112,Mining,80.305,0.18779694
Whitley County,21235,KY,21,Whitley,County,35637,445.3814888,112.4381627,Mining,62.827,0.141063339
Knox County,21121,KY,21,Knox,County,3719,387.3355642,111.6456299,Mining,55.502,0.143291774
Kanawha County,54039,WV,54,Kanawha,County,193063,910.7632421,189.0582818,Mining,54.745,0.060108926
Wise County,51195,VA,51,Wise,County,41452,405.2043405,134.8612879,Mining,53.411,0.131812507
Nicholas County,54067,WV,54,Nicholas,County,26233,654.1148508,145.6524887,Mining,50.489,0.077186751
Magoffin County,21153,KY,21,Magoffin,County,13333,309.391323,106.1029688,Mining,47.851,0.154661739
Raleigh County,54081,WV,54,Raleigh,County,78859,607.8631574,145.383887,Mining,40.452,0.066547873
McDowell County,54047,WV,54,McDowell,County,22113,535.1229942,127.1014506,Mining,39.062,0.072996303
Johnson County,21115,KY,21,Johnson,County,8569,263.8892016,91.39947484,Mining,37.603,0.14249541
Lawrence County,21127,KY,21,Lawrence,County,41869,419.9415246,120.8923121,Mining,36.629,0.087224049
Clay County,21051,KY,21,Clay,County,9386,470.9323238,120.0046173,Mining,34.797,0.073889598
Wyoming County,54109,WV,54,Wyoming,County,23796,501.8356442,133.9346054,Mining,33.929,0.067609785
Campbell County,47013,TN,47,Campbell,County,46133,495.1738169,121.4281279,Mining,33.871,0.068402244
Fayette County,54019,WV,54,Fayette,County,46039,669.6651339,139.7309047,Mining,32.853,0.049058848
Buchanan County,51027,VA,51,Buchanan,County,24098,503.5638599,130.9939946,Mining,27.384,0.054380392
Laurel County,21125,KY,21,Laurel,County,58849,442.5792821,136.9266846,Mining,25.836,0.058375982
Claiborne County,47025,TN,47,Claiborne,County,32213,443.190996,117.2677968,Mining,21.842,0.049283492
Scott County,47151,TN,47,Scott,County,23177,533.4871881,117.4910689,Mining,21.119,0.039586705
Webster County,54101,WV,54,Webster,County,9154,556.1465495,103.7499715,Mining,19.268,0.034645544
Greenbrier County,54025,WV,54,Greenbrier,County,35480,1024.275725,177.1444255,Mining,19.114,0.018660991
Monongalia County,54061,WV,54,Monongalia,County,96189,365.7419776,101.0124081,Mining,17.42,0.047629206
Morgan County,21175,KY,21,Morgan,County,17541,383.8342715,130.0453836,Mining,15.607,0.040660778
Elliott County,21063,KY,21,Elliott,County,7852,235.2938313,88.71526169,Mining,15.546,0.06607058
Greenup County,21089,KY,21,Greenup,County,36910,352.6429546,95.32651366,Mining,15.523,0.044019028
Owsley County,21189,KY,21,Owsley,County,4755,198.3613678,88.4294689,Mining,15.489,0.078084761
Anderson County,47001,TN,47,Anderson,County,58458,344.8086335,111.0179383,Mining,15.44,0.044778461
Dickenson County,51051,VA,51,Dickenson,County,15903,333.7370786,81.63716502,Mining,15.045,0.045080397
Preston County,54077,WV,54,Preston,County,33520,652.0687989,110.3198875,Mining,14.116,0.021648022
Lincoln County,54043,WV,54,Lincoln,County,18106,439.262579,141.9600557,Mining,13.52,0.030778857
Clay County,54015,WV,54,Clay,County,9386,343.8261794,82.61864903,Mining,12.047,0.035038053
McCreary County,21147,KY,21,McCreary,County,18306,430.8487655,115.6871337,Mining,11.156,0.025893076
Grant County,54023,WV,54,Grant,County,51208,480.3635911,124.8537496,Mining,11.126,0.023161622
Fentress County,47049,TN,47,Fentress,County,17959,499.0403152,113.0598783,Mining,10.592,0.021224738
Sequatchie County,47153,TN,47,Sequatchie,County,14112,266.0228006,89.35034066,Mining,10.277,0.038632027
Butler County,21031,KY,21,Butler,County,183862,431.4580758,121.2413129,Mining,9.866,0.022866648
Carter County,21043,KY,21,Carter,County,57424,412.0917618,118.9395723,Mining,9.345,0.022676988
Lee County,51105,VA,51,Lee,County,25587,437.3400943,126.1644216,Mining,9.329,0.021331225
Wolfe County,21237,KY,21,Wolfe,County,7355,222.859283,86.78917468,Mining,9.154,0.041075247
Wayne County,54099,WV,54,Wayne,County,42481,512.5725536,133.0522717,Mining,8.696,0.016965403
Marion County,54049,WV,54,Marion,County,56418,311.4871493,87.75280479,Mining,8.382,0.026909617
Morgan County,47129,TN,47,Morgan,County,17541,522.2013407,114.5118902,Mining,7.494,0.014350787
Upshur County,54097,WV,54,Upshur,County,24254,354.9819748,91.85271564,Mining,7.406,0.020863031
Harrison County,54033,WV,54,Harrison,County,69099,416.5990701,100.7293753,Mining,7.145,0.017150782
Boyd County,21019,KY,21,Boyd,County,2099,161.3271746,59.92034666,Mining,6.864,0.042547079
Jackson County,21109,KY,21,Jackson,County,20449,347.0779021,89.38502907,Mining,6.459,0.018609655
Pulaski County,21199,KY,21,Pulaski,County,34872,676.9569334,115.2412998,Mining,5.917,0.008740586
Barbour County,54001,WV,54,Barbour,County,16589,342.7288156,89.31573864,Mining,5.496,0.016036002
Wayne County,21231,KY,21,Wayne,County,42481,483.8561213,105.1133981,Mining,5.35,0.011057006
Tazewell County,51185,VA,51,Tazewell,County,45078,520.0927594,129.3239931,Mining,5.347,0.010280858
Russell County,51167,VA,51,Russell,County,28897,476.7716266,120.0948383,Mining,5.179,0.010862643
Marshall County,54051,WV,54,Marshall,County,33107,309.8434515,77.13856153,Mining,5.071,0.016366329
Lee County,21129,KY,21,Lee,County,25587,211.5355232,68.54278326,Mining,4.924,0.023277414
Rockcastle County,21203,KY,21,Rockcastle,County,17056,318.9135847,95.30150861,Mining,4.586,0.014380071
Mercer County,54055,WV,54,Mercer,County,62264,420.8199397,89.93781234,Mining,4.234,0.01006131
Bledsoe County,47007,TN,47,Bledsoe,County,12876,406.8099853,100.7275442,Mining,3.839,0.009436838
Randolph County,54083,WV,54,Randolph,County,29405,1039.73098,199.9608057,Mining,3.732,0.00358939
Van Buren County,47175,TN,47,Van Buren,County,5548,274.3016467,81.94147777,Mining,3.625,0.013215378
Grundy County,47061,TN,47,Grundy,County,13703,360.8430918,87.85298716,Mining,3.513,0.009735533
Marion County,47115,TN,47,Marion,County,56418,512.6608526,98.48034793,Mining,3.463,0.006754953
Tucker County,54093,WV,54,Tucker,County,7141,421.171078,99.2247291,Mining,3.05,0.007241713
Mineral County,54057,WV,54,Mineral,County,28212,330.3905721,119.8634658,Mining,2.793,0.008453631
Braxton County,54007,WV,54,Braxton,County,14523,515.5435748,105.3119826,Mining,2.392,0.004639763
Cumberland County,47035,TN,47,Cumberland,County,10052,684.8587918,121.5395706,Mining,2.351,0.003432824
Brooke County,54009,WV,54,Brooke,County,24069,91.01192868,48.97721162,Mining,2.168,0.023821053
Ohio County,54069,WV,54,Ohio,County,44443,107.8706367,42.94779731,Mining,1.362,0.012626235
Taylor County,54091,WV,54,Taylor,County,20689,175.6943356,58.89639705,Mining,1.284,0.007308147
Mason County,54053,WV,54,Mason,County,27324,442.2932232,108.7039975,Mining,1.22,0.002758351
Edmonson County,21061,KY,21,Edmonson,County,12161,307.7956211,73.11422306,Mining,0.97,0.003151442
Estill County,21065,KY,21,Estill,County,14672,255.2418961,98.46532659,Mining,0.822,0.003220474
Lewis County,54041,WV,54,Lewis,County,16372,390.3355942,102.2041531,Mining,0.742,0.001900928
White County,47185,TN,47,White,County,25841,379.435544,112.0766925,Mining,0.735,0.001937088
Hamilton County,47065,TN,47,Hamilton,County,8517,575.7289951,121.7587557,Mining,0.68,0.001181111
Daviess County,21059,KY,21,Daviess,County,8433,476.27332,121.085679,Mining,0.563,0.001182094
Ohio County,21183,KY,21,Ohio,County,44443,596.5965655,139.8135638,Mining,0.492,0.000824678
Hopkins County,21107,KY,21,Hopkins,County,35161,554.5627995,138.0994768,Mining,0.363,0.00065457
Wetzel County,54103,WV,54,Wetzel,County,16583,360.911659,103.4793751,Mining,0.344,0.000953142
Overton County,47133,TN,47,Overton,County,22083,434.6526547,92.43608495,Mining,0.3,0.000690206
Hancock County,21091,KY,21,Hancock,County,30676,199.2102144,80.5256144,Mining,0.235,0.001179658
Putnam County,54079,WV,54,Putnam,County,55486,350.3920488,87.72648563,Mining,0.211,0.000602183
Christian County,21047,KY,21,Christian,County,77422,724.2975682,123.440547,Mining,0.193,0.000266465
Rhea County,47143,TN,47,Rhea,County,31809,335.5430597,107.3580825,Mining,0.169,0.000503661
Clinton County,21053,KY,21,Clinton,County,39238,205.9752268,70.33418062,Mining,0.098,0.000475785
Putnam County,47141,TN,47,Putnam,County,55486,400.5596275,141.3389247,Mining,0.076,0.000189735
Webster County,21233,KY,21,Webster,County,9154,335.6459397,93.40090956,Mining,0.074,0.00022047
Warren County,21227,KY,21,Warren,County,37575,547.9230274,109.1435409,Mining,0.072,0.000131405
Rowan County,21205,KY,21,Rowan,County,138428,286.8833567,121.5049249,Mining,0.067,0.000233544
Roane County,47145,TN,47,Roane,County,14926,394.9320157,114.1267642,Mining,0.053,0.0001342
Union County,21225,KY,21,Union,County,19109,363.4830382,99.7066853,Mining,0.05,0.000137558
Pocahontas County,54075,WV,54,Pocahontas,County,8719,941.5701576,164.5504399,Mining,0.042,4.46E-05
Jackson County,47087,TN,47,Jackson,County,20449,321.2527578,84.54078205,Mining,0.023,7.16E-05
Grayson County,21085,KY,21,Grayson,County,15533,510.7125283,160.2819757,Mining,0.023,4.50E-05
Pickett County,47137,TN,47,Pickett,County,5077,174.298242,91.28507649,Mining,0.02,0.000114746
Grainger County,47057,TN,47,Grainger,County,22657,302.9384867,133.0366894,Mining,0.012,3.96E-05
Pulaski County,51155,VA,51,Pulaski,County,34872,329.2140036,94.41927313,No Mining,0,0.00E+00
Powhatan County,51145,VA,51,Powhatan,County,28046,262.6635218,89.17375669,No Mining,0,0.00E+00
Rappahannock County,51157,VA,51,Rappahannock,County,7373,267.0629607,78.85832757,No Mining,0,0.00E+00
Prince Edward County,51147,VA,51,Prince Edward,County,23368,353.8855887,101.997288,No Mining,0,0.00E+00
Portsmouth City,51740,VA,51,Portsmouth,City,95535,34.80673781,43.47162455,No Mining,0,0.00E+00
Prince George County,51149,VA,51,Prince George,County,35725,267.3594509,99.20258239,No Mining,0,0.00E+00
Alleghany County,51005,VA,51,Alleghany,County,16250,446.9824717,124.6469479,Adjacent,0,0.00E+00
Warren County,51187,VA,51,Warren,County,37575,216.2739362,72.79222475,No Mining,0,0.00E+00
Surry County,51181,VA,51,Surry,County,7058,281.4271583,93.36520604,No Mining,0,0.00E+00
Sussex County,51183,VA,51,Sussex,County,12087,492.7731603,110.349477,No Mining,0,0.00E+00
Washington County,51191,VA,51,Washington,County,131887,565.9922134,128.578484,Adjacent,0,0.00E+00
Bedford City,51515,VA,51,Bedford,City,6222,6.907268324,12.86957152,No Mining,0,0.00E+00
Buena Vista City,51530,VA,51,Buena Vista,City,6650,6.776056224,15.01046909,No Mining,0,0.00E+00
Wythe County,51197,VA,51,Wythe,County,29235,464.6295972,97.29269913,No Mining,0,0.00E+00
Alexandria City,51510,VA,51,Alexandria,City,139966,15.24319981,19.81781127,No Mining,0,0.00E+00
Stafford County,51179,VA,51,Stafford,County,128961,272.9388333,101.9014289,No Mining,0,0.00E+00
Augusta County,51015,VA,51,Augusta,County,73750,971.024649,187.9511263,No Mining,0,0.00E+00
Scott County,51169,VA,51,Scott,County,23177,538.6323668,106.5011745,Adjacent,0,0.00E+00
Richmond County,51159,VA,51,Richmond,County,9254,193.8652483,88.30076633,No Mining,0,0.00E+00
Bedford County,51019,VA,51,Bedford,County,68676,770.5528985,174.7293586,No Mining,0,0.00E+00
Shenandoah County,51171,VA,51,Shenandoah,County,41993,512.6477892,123.8358241,No Mining,0,0.00E+00
Spotsylvania County,51177,VA,51,Spotsylvania,County,122397,412.6011156,106.5506561,No Mining,0,0.00E+00
Arlington County,51013,VA,51,Arlington,County,207627,25.97926419,24.48669061,No Mining,0,0.00E+00
Smyth County,51173,VA,51,Smyth,County,32208,452.2845606,100.5169537,Adjacent,0,0.00E+00
Southampton County,51175,VA,51,Southampton,County,18570,602.2873917,144.6002935,No Mining,0,0.00E+00
Halifax County,51083,VA,51,Halifax,County,36241,829.550496,154.8062609,No Mining,0,0.00E+00
Virginia Beach City,51810,VA,51,Virginia Beach,City,437994,260.0576483,185.2059035,No Mining,0,0.00E+00
Grayson County,51077,VA,51,Grayson,County,15533,445.9552042,121.0752701,No Mining,0,0.00E+00
Greene County,51079,VA,51,Greene,County,18403,157.017267,69.53334063,No Mining,0,0.00E+00
Highland County,51091,VA,51,Highland,County,2321,414.9683779,96.59452337,Adjacent,0,0.00E+00
Isle of Wight County,51093,VA,51,Isle of Wight,County,35270,320.4516209,120.2258361,No Mining,0,0.00E+00
Hanover County,51085,VA,51,Hanover,County,99863,473.6189653,155.9695612,No Mining,0,0.00E+00
Henrico County,51087,VA,51,Henrico,County,306935,242.0877942,128.582412,No Mining,0,0.00E+00
Goochland County,51075,VA,51,Goochland,County,21717,288.8000059,98.79180458,No Mining,0,0.00E+00
Fauquier County,51061,VA,51,Fauquier,County,65203,651.1564395,137.3004605,No Mining,0,0.00E+00
Floyd County,51063,VA,51,Floyd,County,15279,381.3800125,115.1461455,No Mining,0,0.00E+00
Calhoun County,54013,WV,54,Calhoun,County,7627,280.7832087,99.82219224,Adjacent,0,0.00E+00
Essex County,51057,VA,51,Essex,County,11151,262.1195918,116.1831991,No Mining,0,0.00E+00
Giles County,51071,VA,51,Giles,County,17286,360.9831986,95.99859621,Adjacent,0,0.00E+00
Gloucester County,51073,VA,51,Gloucester,County,36858,221.1794128,143.5745318,No Mining,0,0.00E+00
Fluvanna County,51065,VA,51,Fluvanna,County,25691,289.7087087,68.18326719,No Mining,0,0.00E+00
Franklin County,51067,VA,51,Franklin,County,78163,711.3961307,144.1629398,No Mining,0,0.00E+00
James City County,51095,VA,51,James City,County,67009,147.9615405,102.3094943,No Mining,0,0.00E+00
New Kent County,51127,VA,51,New Kent,County,18429,216.1620622,110.6027964,No Mining,0,0.00E+00
Nottoway County,51135,VA,51,Nottoway,County,15853,315.9274101,86.17127955,No Mining,0,0.00E+00
Montgomery County,51121,VA,51,Montgomery,County,94392,389.6744414,114.8692288,No Mining,0,0.00E+00
Nelson County,51125,VA,51,Nelson,County,15020,474.8191628,130.56743,No Mining,0,0.00E+00
Patrick County,51141,VA,51,Patrick,County,18490,485.8356375,114.3496685,No Mining,0,0.00E+00
Pittsylvania County,51143,VA,51,Pittsylvania,County,63506,977.3444857,181.301121,No Mining,0,0.00E+00
Orange County,51137,VA,51,Orange,County,33481,343.5790374,107.7646343,No Mining,0,0.00E+00
Page County,51139,VA,51,Page,County,24042,314.0750203,86.26119811,No Mining,0,0.00E+00
Mecklenburg County,51117,VA,51,Mecklenburg,County,32727,679.2081305,137.5383904,No Mining,0,0.00E+00
King William County,51101,VA,51,King William,County,15935,281.0538221,155.2943345,No Mining,0,0.00E+00
Loudoun County,51107,VA,51,Loudoun,County,312311,521.1762244,114.0363147,No Mining,0,0.00E+00
King and Queen County,51097,VA,51,King and Queen,County,6945,319.8161748,141.5777663,No Mining,0,0.00E+00
King George County,51099,VA,51,King George,County,23584,184.4894067,85.03701539,No Mining,0,0.00E+00
Madison County,51113,VA,51,Madison,County,13308,321.6581007,90.98725238,No Mining,0,0.00E+00
Fairfax County,51059,VA,51,Fairfax,County,1081726,396.8988535,138.0577916,No Mining,0,0.00E+00
Louisa County,51109,VA,51,Louisa,County,33153,510.8232357,108.3445342,No Mining,0,0.00E+00
Lunenburg County,51111,VA,51,Lunenburg,County,12914,432.5238041,99.64720042,No Mining,0,0.00E+00
Charlottesville City,51540,VA,51,Charlottesville,City,43475,10.27284116,22.82100364,No Mining,0,0.00E+00
Henry County,51089,VA,51,Henry,County,54151,384.3609848,112.5354355,No Mining,0,0.00E+00
Rockingham County,51165,VA,51,Rockingham,County,76314,853.2607849,161.5699882,No Mining,0,0.00E+00
Westmoreland County,51193,VA,51,Westmoreland,County,17454,232.8195519,148.0770714,No Mining,0,0.00E+00
Gilmer County,54021,WV,54,Gilmer,County,8693,340.0955361,95.91485663,Adjacent,0,0.00E+00
Hardy County,54031,WV,54,Hardy,County,14025,584.3128924,127.2058909,Adjacent,0,0.00E+00
Tyler County,54095,WV,54,Tyler,County,9208,259.5566091,96.90014325,Adjacent,0,0.00E+00
Hampshire County,54027,WV,54,Hampshire,County,23964,645.1674409,114.4786748,Adjacent,0,0.00E+00
Hancock County,54029,WV,54,Hancock,County,30676,86.79405126,47.18353147,Adjacent,0,0.00E+00
Doddridge County,54017,WV,54,Doddridge,County,8202,320.486359,91.21410176,Adjacent,0,0.00E+00
Bristol City,51520,VA,51,Bristol,City,17835,13.15342112,29.86357018,No Mining,0,0.00E+00
Frederick County,51069,VA,51,Frederick,County,78305,415.5600138,137.0229633,No Mining,0,0.00E+00
Berkeley County,54003,WV,54,Berkeley,County,104169,321.6204334,95.55251889,No Mining,0,0.00E+00
Hopewell City,51670,VA,51,Hopewell,City,22591,10.27108522,17.57460728,No Mining,0,0.00E+00
York County,51199,VA,51,York,County,65464,108.3535378,99.5829294,No Mining,0,0.00E+00
Greensville County,51081,VA,51,Greensville,County,12243,296.8404504,128.2399213,No Mining,0,0.00E+00
Wirt County,54105,WV,54,Wirt,County,5717,234.3248108,80.91697084,No Mining,0,0.00E+00
Cabell County,54011,WV,54,Cabell,County,96319,286.282643,94.59623449,Adjacent,0,0.00E+00
Monroe County,54063,WV,54,Monroe,County,44673,475.2053708,114.8023346,Adjacent,0,0.00E+00
Morgan County,54065,WV,54,Morgan,County,17541,233.1327561,88.55850202,No Mining,0,0.00E+00
Prince William County,51153,VA,51,Prince William,County,402002,341.9024649,144.2889392,No Mining,0,0.00E+00
Northumberland County,51133,VA,51,Northumberland,County,12330,195.5210867,194.9138875,No Mining,0,0.00E+00
Pendleton County,54071,WV,54,Pendleton,County,7695,699.0429402,120.4639257,Adjacent,0,0.00E+00
Pleasants County,54073,WV,54,Pleasants,County,7605,133.0091836,66.2663651,No Mining,0,0.00E+00
Ritchie County,54085,WV,54,Ritchie,County,10449,454.0328953,114.8359897,No Mining,0,0.00E+00
Northampton County,51131,VA,51,Northampton,County,12389,217.7436751,338.0115775,No Mining,0,0.00E+00
Middlesex County,51119,VA,51,Middlesex,County,10959,132.7932951,107.9517597,No Mining,0,0.00E+00
Rockbridge County,51163,VA,51,Rockbridge,County,22307,600.9739078,140.0793344,No Mining,0,0.00E+00
Roanoke County,51161,VA,51,Roanoke,County,92376,250.9333113,130.9752903,No Mining,0,0.00E+00
Jackson County,54035,WV,54,Jackson,County,20449,469.5232231,110.1817863,Adjacent,0,0.00E+00
Jefferson County,54037,WV,54,Jefferson,County,83686,211.5722532,78.80185075,No Mining,0,0.00E+00
Roane County,54087,WV,54,Roane,County,14926,483.614261,105.5397987,Adjacent,0,0.00E+00
Mathews County,51115,VA,51,Mathews,County,8978,87.66498606,100.9829291,No Mining,0,0.00E+00
Lancaster County,51103,VA,51,Lancaster,County,11391,136.0305488,130.3899332,No Mining,0,0.00E+00
Summers County,54089,WV,54,Summers,County,13927,368.309509,96.75982582,Adjacent,0,0.00E+00
Harrisonburg City,51660,VA,51,Harrisonburg,City,48914,17.52406691,22.56996856,No Mining,0,0.00E+00
Lexington City,51678,VA,51,Lexington,City,7042,2.512850494,8.187888992,No Mining,0,0.00E+00
Galax City,51640,VA,51,Galax,City,7042,8.220787023,19.85783689,No Mining,0,0.00E+00
Hampton City,51650,VA,51,Hampton,City,137436,52.88150436,52.65310674,No Mining,0,0.00E+00
Manassas City,51683,VA,51,Manassas,City,37821,10.04190645,19.0075798,No Mining,0,0.00E+00
Manassas Park City,51685,VA,51,Manassas Park,City,14273,2.545980144,10.38586559,No Mining,0,0.00E+00
Albemarle County,51003,VA,51,Albemarle,County,98970,726.3547648,142.3197325,No Mining,0,0.00E+00
Lynchburg City,51680,VA,51,Lynchburg,City,75568,50.29423511,37.56812737,No Mining,0,0.00E+00
Fredericksburg City,51630,VA,51,Fredericksburg,City,24286,10.82284789,17.20576103,No Mining,0,0.00E+00
Covington City,51580,VA,51,Covington,City,5961,5.673070841,13.49939183,No Mining,0,0.00E+00
Danville City,51590,VA,51,Danville,City,43055,43.97623794,43.03317599,No Mining,0,0.00E+00
Chesapeake City,51550,VA,51,Chesapeake,City,222209,350.3705809,90.5339964,No Mining,0,0.00E+00
Colonial Heights City,51570,VA,51,Colonial Heights,City,17411,7.816314746,17.6728393,No Mining,0,0.00E+00
Falls Church City,51610,VA,51,Falls Church,City,12332,2.000311324,6.444850622,No Mining,0,0.00E+00
Franklin City,51620,VA,51,Franklin,City,8582,8.350790693,17.46024648,No Mining,0,0.00E+00
Emporia City,51595,VA,51,Emporia,City,5927,6.958375327,13.84845059,No Mining,0,0.00E+00
Fairfax,51600,VA,51,Fairfax,City,22565,6.342526176,12.06959488,No Mining,0,0.00E+00
Suffolk City,51800,VA,51,Suffolk,City,84585,410.2613996,118.3595546,No Mining,0,0.00E+00
Poquoson City,51735,VA,51,Poquoson,City,12150,15.67386537,36.04030516,No Mining,0,0.00E+00
Salem City,51775,VA,51,Salem,City,24802,14.55382068,20.12144446,No Mining,0,0.00E+00
Staunton City,51790,VA,51,Staunton,City,23746,19.73482035,18.6922025,No Mining,0,0.00E+00
Winchester City,51840,VA,51,Winchester,City,26203,9.333534102,14.84440825,No Mining,0,0.00E+00
Wood County,54107,WV,54,Wood,County,74749,374.2539729,92.27744839,No Mining,0,0.00E+00
Waynesboro City,51820,VA,51,Waynesboro,City,21006,15.38379067,19.87264517,No Mining,0,0.00E+00
Williamsburg City,51830,VA,51,Williamsburg,City,14068,9.136788864,19.75144494,No Mining,0,0.00E+00
Roanoke City,51770,VA,51,Roanoke,City,97032,43.03374641,39.61545703,No Mining,0,0.00E+00
Newport News City,51700,VA,51,Newport News,City,180719,69.48466166,61.38429792,No Mining,0,0.00E+00
Norfolk City,51710,VA,51,Norfolk,City,242803,56.56125714,62.13225312,No Mining,0,0.00E+00
Martinsville City,51690,VA,51,Martinsville,City,13821,11.00932243,18.21499445,No Mining,0,0.00E+00
Accomack County,51001,VA,51,Accomack,County,33164,472.5525963,445.6385699,No Mining,0,0.00E+00
Radford City,51750,VA,51,Radford,City,16408,10.26264973,20.2274775,No Mining,0,0.00E+00
Richmond City,51760,VA,51,Richmond,City,204214,62.59084175,51.53770737,No Mining,0,0.00E+00
Norton City,51720,VA,51,Norton,City,3958,7.514037458,18.69266894,No Mining,0,0.00E+00
Petersburg City,51730,VA,51,Petersburg,City,32420,23.17623488,23.52749508,No Mining,0,0.00E+00
Dinwiddie County,51053,VA,51,Dinwiddie,County,28001,507.1815009,105.3717858,No Mining,0,0.00E+00
Montgomery County,21173,KY,21,Montgomery,County,94392,198.7210934,67.77272205,No Mining,0,0.00E+00
Muhlenberg County,21177,KY,21,Muhlenberg,County,31499,479.4399682,135.3897271,Adjacent,0,0.00E+00
Monroe County,21171,KY,21,Monroe,County,44673,331.4160422,83.96855794,No Mining,0,0.00E+00
Mercer County,21167,KY,21,Mercer,County,62264,253.1789077,96.88041338,No Mining,0,0.00E+00
Metcalfe County,21169,KY,21,Metcalfe,County,10099,291.0967846,77.44503029,No Mining,0,0.00E+00
Owen County,21187,KY,21,Owen,County,10841,353.7378205,105.4233415,No Mining,0,0.00E+00
Pendleton County,21191,KY,21,Pendleton,County,7695,282.0219108,76.75672345,No Mining,0,0.00E+00
Oldham County,21185,KY,21,Oldham,County,2052,196.6432677,63.95460187,No Mining,0,0.00E+00
Nelson County,21179,KY,21,Nelson,County,15020,424.0183618,155.3516894,No Mining,0,0.00E+00
Nicholas County,21181,KY,21,Nicholas,County,26233,196.9014049,82.78068432,No Mining,0,0.00E+00
Menifee County,21165,KY,21,Menifee,County,6306,206.3132696,77.05918293,Adjacent,0,0.00E+00
McCracken County,21145,KY,21,McCracken,County,65565,268.0789169,75.51668161,No Mining,0,0.00E+00
McLean County,21149,KY,21,McLean,County,8962,256.3077051,82.62751922,Adjacent,0,0.00E+00
Lyon County,21143,KY,21,Lyon,County,51980,257.2047005,73.69470719,No Mining,0,0.00E+00
Livingston County,21139,KY,21,Livingston,County,65393,342.4025291,104.554095,No Mining,0,0.00E+00
Logan County,21141,KY,21,Logan,County,36743,556.9426405,95.96629678,Adjacent,0,0.00E+00
Mason County,21161,KY,21,Mason,County,27324,244.2583221,67.04508809,No Mining,0,0.00E+00
Meade County,21163,KY,21,Meade,County,25434,324.1933002,103.5123395,No Mining,0,0.00E+00
Marshall County,21157,KY,21,Marshall,County,33107,340.0258351,74.56843721,No Mining,0,0.00E+00
Madison County,21151,KY,21,Madison,County,13308,443.5489897,123.6578655,Adjacent,0,0.00E+00
Marion County,21155,KY,21,Marion,County,56418,346.6784049,96.99424154,No Mining,0,0.00E+00
Benton County,47005,TN,47,Benton,County,175177,435.8293288,113.1718586,No Mining,0,0.00E+00
Blount County,47009,TN,47,Blount,County,123010,568.2131572,136.9958416,No Mining,0,0.00E+00
Bedford County,47003,TN,47,Bedford,County,68676,475.2244933,111.5371402,No Mining,0,0.00E+00
Washington County,21229,KY,21,Washington,County,131887,301.4784965,99.26465984,No Mining,0,0.00E+00
Woodford County,21239,KY,21,Woodford,County,24939,192.4736015,89.81193087,No Mining,0,0.00E+00
Carter County,47019,TN,47,Carter,County,57424,347.5777035,101.4437612,No Mining,0,0.00E+00
Cheatham County,47021,TN,47,Cheatham,County,39105,307.065812,106.0162235,No Mining,0,0.00E+00
Carroll County,47017,TN,47,Carroll,County,30042,600.0631744,110.1105226,No Mining,0,0.00E+00
Bradley County,47011,TN,47,Bradley,County,98963,331.2685515,85.99398324,Adjacent,0,0.00E+00
Cannon County,47015,TN,47,Cannon,County,13801,265.0441773,75.91321217,No Mining,0,0.00E+00
Trimble County,21223,KY,21,Trimble,County,8809,156.1283854,55.56363586,No Mining,0,0.00E+00
Scott County,21209,KY,21,Scott,County,23177,284.9543574,87.9956397,No Mining,0,0.00E+00
Shelby County,21211,KY,21,Shelby,County,25448,385.6921172,90.15318385,No Mining,0,0.00E+00
Russell County,21207,KY,21,Russell,County,28897,282.9678268,82.56262266,Adjacent,0,0.00E+00
Powell County,21197,KY,21,Powell,County,7027,180.0824148,74.73672198,Adjacent,0,0.00E+00
Robertson County,21201,KY,21,Robertson,County,16622,100.3031683,59.23899223,No Mining,0,0.00E+00
Todd County,21219,KY,21,Todd,County,9612,376.9400078,90.38803509,Adjacent,0,0.00E+00
Trigg County,21221,KY,21,Trigg,County,14339,480.6497063,91.16105128,Adjacent,0,0.00E+00
Taylor County,21217,KY,21,Taylor,County,20689,277.0179056,96.87773835,No Mining,0,0.00E+00
Simpson County,21213,KY,21,Simpson,County,27503,236.1363177,67.31383206,Adjacent,0,0.00E+00
Spencer County,21215,KY,21,Spencer,County,17061,191.7711339,62.91897896,No Mining,0,0.00E+00
Campbell County,21037,KY,21,Campbell,County,46133,159.1225778,67.57896828,No Mining,0,0.00E+00
Carlisle County,21039,KY,21,Carlisle,County,5104,198.8135163,73.49519005,No Mining,0,0.00E+00
Calloway County,21035,KY,21,Calloway,County,37191,411.6175184,80.58180579,No Mining,0,0.00E+00
Bullitt County,21029,KY,21,Bullitt,County,74319,300.5346636,91.67412835,No Mining,0,0.00E+00
Caldwell County,21033,KY,21,Caldwell,County,38066,347.6771726,106.5671818,Adjacent,0,0.00E+00
Crittenden County,21055,KY,21,Crittenden,County,9315,370.8566925,124.2726845,Adjacent,0,0.00E+00
Cumberland County,21057,KY,21,Cumberland,County,10052,310.662032,84.47225095,Adjacent,0,0.00E+00
Clark County,21049,KY,21,Clark,County,34690,255.6264452,87.46593764,Adjacent,0,0.00E+00
Carroll County,21041,KY,21,Carroll,County,30042,137.2603829,61.6593224,No Mining,0,0.00E+00
Casey County,21045,KY,21,Casey,County,15955,445.6301988,95.74106022,Adjacent,0,0.00E+00
Breckinridge County,21027,KY,21,Breckinridge,County,20059,585.5612101,130.7519211,Adjacent,0,0.00E+00
Ballard County,21007,KY,21,Ballard,County,8249,269.4325734,76.22911487,No Mining,0,0.00E+00
Barren County,21009,KY,21,Barren,County,42173,500.2932538,114.8528808,Adjacent,0,0.00E+00
Anderson County,21005,KY,21,Anderson,County,58458,203.9640085,89.56283004,No Mining,0,0.00E+00
Adair County,21001,KY,21,Adair,County,22683,412.1928152,87.29595188,No Mining,0,0.00E+00
Allen County,21003,KY,21,Allen,County,106331,351.8329989,102.2848895,Adjacent,0,0.00E+00
Boyle County,21021,KY,21,Boyle,County,28432,183.2725991,72.65222309,No Mining,0,0.00E+00
Bracken County,21023,KY,21,Bracken,County,8488,208.2524845,77.71988578,No Mining,0,0.00E+00
Bourbon County,21017,KY,21,Bourbon,County,19985,291.8904183,100.2908993,No Mining,0,0.00E+00
Bath County,21011,KY,21,Bath,County,4731,283.098689,120.106246,Adjacent,0,0.00E+00
Boone County,21015,KY,21,Boone,County,24629,256.8400568,72.61293406,No Mining,0,0.00E+00
Hickman County,21105,KY,21,Hickman,County,24690,253.171113,76.57346301,No Mining,0,0.00E+00
Jefferson County,21111,KY,21,Jefferson,County,83686,398.2955839,95.03529534,No Mining,0,0.00E+00
Henry County,21103,KY,21,Henry,County,54151,291.0405916,87.10070398,No Mining,0,0.00E+00
Hart County,21099,KY,21,Hart,County,18199,417.8175762,110.8510448,Adjacent,0,0.00E+00
Henderson County,21101,KY,21,Henderson,County,78532,467.2962648,125.9685747,Adjacent,0,0.00E+00
Lewis County,21135,KY,21,Lewis,County,16372,491.0983819,135.6679726,Adjacent,0,0.00E+00
Lincoln County,21137,KY,21,Lincoln,County,18106,336.5427341,88.98105498,Adjacent,0,0.00E+00
Larue County,21123,KY,21,Larue,County,14193,263.7288152,106.3133613,Adjacent,0,0.00E+00
Jessamine County,21113,KY,21,Jessamine,County,48586,174.3380371,74.23595127,No Mining,0,0.00E+00
Kenton County,21117,KY,21,Kenton,County,159720,164.8709568,66.82277241,No Mining,0,0.00E+00
Harrison County,21097,KY,21,Harrison,County,69099,309.6740907,94.62804998,No Mining,0,0.00E+00
Fulton County,21075,KY,21,Fulton,County,14845,230.0821807,100.4789556,No Mining,0,0.00E+00
Gallatin County,21077,KY,21,Gallatin,County,89513,105.035206,59.29582772,No Mining,0,0.00E+00
Franklin County,21073,KY,21,Franklin,County,78163,211.9831199,67.64614943,No Mining,0,0.00E+00
Fayette County,21067,KY,21,Fayette,County,46039,285.4839014,90.52173886,No Mining,0,0.00E+00
Fleming County,21069,KY,21,Fleming,County,14348,351.3731577,121.4437193,Adjacent,0,0.00E+00
Green County,21087,KY,21,Green,County,36842,288.7054894,77.62049303,No Mining,0,0.00E+00
Hardin County,21093,KY,21,Hardin,County,54635,629.8607859,142.1573645,Adjacent,0,0.00E+00
Graves County,21083,KY,21,Graves,County,37121,556.7975761,97.88286908,No Mining,0,0.00E+00
Garrard County,21079,KY,21,Garrard,County,16912,233.1625097,120.819543,Adjacent,0,0.00E+00
Grant County,21081,KY,21,Grant,County,51208,260.8118856,69.9582313,No Mining,0,0.00E+00
Tipton County,47167,TN,47,Tipton,County,61081,474.749118,147.1216584,No Mining,0,0.00E+00
Trousdale County,47169,TN,47,Trousdale,County,7870,116.6810329,60.94449151,No Mining,0,0.00E+00
Sumner County,47165,TN,47,Sumner,County,160645,542.6211022,121.3513954,No Mining,0,0.00E+00
Stewart County,47161,TN,47,Stewart,County,13324,493.1692055,92.72938019,Adjacent,0,0.00E+00
Sullivan County,47163,TN,47,Sullivan,County,156823,429.7243548,127.3603525,No Mining,0,0.00E+00
Washington County,47179,TN,47,Washington,County,131887,330.1804805,90.06038912,No Mining,0,0.00E+00
Wayne County,47181,TN,47,Wayne,County,42481,735.6826436,124.224889,No Mining,0,0.00E+00
Warren County,47177,TN,47,Warren,County,37575,434.4118482,98.36886357,Adjacent,0,0.00E+00
Unicoi County,47171,TN,47,Unicoi,County,18313,186.705521,73.91869132,No Mining,0,0.00E+00
Union County,47173,TN,47,Union,County,19109,247.9647592,80.23753041,Adjacent,0,0.00E+00
Smith County,47159,TN,47,Smith,County,209714,325.393078,97.5589092,Adjacent,0,0.00E+00
Obion County,47131,TN,47,Obion,County,31807,556.1042029,111.2023218,No Mining,0,0.00E+00
Perry County,47135,TN,47,Perry,County,7915,423.4561705,105.5864095,No Mining,0,0.00E+00
Moore County,47127,TN,47,Moore,County,21904,130.3459215,95.93878702,No Mining,0,0.00E+00
Monroe County,47123,TN,47,Monroe,County,44673,652.1825124,152.9843605,No Mining,0,0.00E+00
Montgomery County,47125,TN,47,Montgomery,County,94392,543.8335287,106.7080321,Adjacent,0,0.00E+00
Sevier County,47155,TN,47,Sevier,County,20802,597.5491384,130.7019279,No Mining,0,0.00E+00
Shelby County,47157,TN,47,Shelby,County,25448,782.9713807,144.4637731,No Mining,0,0.00E+00
Rutherford County,47149,TN,47,Rutherford,County,262604,623.8286692,148.3035146,No Mining,0,0.00E+00
Polk County,47139,TN,47,Polk,County,44205,442.2507491,90.36897252,No Mining,0,0.00E+00
Robertson County,47147,TN,47,Robertson,County,16622,477.1458912,103.5143242,No Mining,0,0.00E+00
Charles City County,51036,VA,51,Charles City,County,7256,186.9928158,93.74486809,No Mining,0,0.00E+00
Charlotte County,51037,VA,51,Charlotte,County,12586,477.5163734,122.5803659,No Mining,0,0.00E+00
Carroll County,51035,VA,51,Carroll,County,30042,477.6448101,108.268851,No Mining,0,0.00E+00
Campbell County,51031,VA,51,Campbell,County,46133,508.5515248,128.7452505,No Mining,0,0.00E+00
Caroline County,51033,VA,51,Caroline,County,28545,538.979773,140.2482214,No Mining,0,0.00E+00
Culpeper County,51047,VA,51,Culpeper,County,46689,382.2677205,125.441918,No Mining,0,0.00E+00
Cumberland County,51049,VA,51,Cumberland,County,10052,300.2153801,91.24883611,No Mining,0,0.00E+00
Craig County,51045,VA,51,Craig,County,5190,330.3417621,91.09057367,No Mining,0,0.00E+00
Chesterfield County,51041,VA,51,Chesterfield,County,316236,434.3607435,135.9822034,No Mining,0,0.00E+00
Clarke County,51043,VA,51,Clarke,County,14034,178.1576626,60.96417507,No Mining,0,0.00E+00
Buckingham County,51029,VA,51,Buckingham,County,17146,583.7457538,117.6321939,No Mining,0,0.00E+00
Amelia County,51007,VA,51,Amelia,County,12690,358.3972283,107.2553655,No Mining,0,0.00E+00
Amherst County,51009,VA,51,Amherst,County,32353,476.8385058,113.5515701,No Mining,0,0.00E+00
Wilson County,47189,TN,47,Wilson,County,42918,583.1352733,135.0677709,No Mining,0,0.00E+00
Weakley County,47183,TN,47,Weakley,County,35021,581.6755775,106.2534439,No Mining,0,0.00E+00
Williamson County,47187,TN,47,Williamson,County,422679,582.9575717,126.147861,No Mining,0,0.00E+00
Botetourt County,51023,VA,51,Botetourt,County,33148,545.9281259,116.5098785,No Mining,0,0.00E+00
Brunswick County,51025,VA,51,Brunswick,County,17434,569.3685711,102.7254997,No Mining,0,0.00E+00
Bland County,51021,VA,51,Bland,County,6824,358.6827736,108.9284313,Adjacent,0,0.00E+00
Appomattox County,51011,VA,51,Appomattox,County,14973,334.4941325,83.42218771,No Mining,0,0.00E+00
Bath County,51017,VA,51,Bath,County,4731,534.672752,108.9204788,Adjacent,0,0.00E+00
Greene County,47059,TN,47,Greene,County,18403,623.6050251,121.8667283,No Mining,0,0.00E+00
Hamblen County,47063,TN,47,Hamblen,County,62544,175.7758151,90.84446658,Adjacent,0,0.00E+00
Giles County,47055,TN,47,Giles,County,17286,610.9035616,119.8714405,No Mining,0,0.00E+00
Franklin County,47051,TN,47,Franklin,County,78163,575.5338871,114.2198262,Adjacent,0,0.00E+00
Gibson County,47053,TN,47,Gibson,County,49683,604.6739894,110.0921626,No Mining,0,0.00E+00
Hawkins County,47073,TN,47,Hawkins,County,56833,499.6394878,131.0694699,Adjacent,0,0.00E+00
Haywood County,47075,TN,47,Haywood,County,18787,533.9591084,101.5045547,No Mining,0,0.00E+00
Hardin County,47071,TN,47,Hardin,County,54635,596.425823,108.7630787,No Mining,0,0.00E+00
Hancock County,47067,TN,47,Hancock,County,30676,223.5016757,95.34789173,Adjacent,0,0.00E+00
Hardeman County,47069,TN,47,Hardeman,County,4139,670.3323642,104.0351707,No Mining,0,0.00E+00
Fayette County,47047,TN,47,Fayette,County,46039,706.2650983,105.7419463,No Mining,0,0.00E+00
Coffee County,47031,TN,47,Coffee,County,52796,435.0705212,115.7441519,Adjacent,0,0.00E+00
Crockett County,47033,TN,47,Crockett,County,3719,264.3349583,85.95159956,No Mining,0,0.00E+00
Cocke County,47029,TN,47,Cocke,County,35662,443.053218,116.9268101,No Mining,0,0.00E+00
Chester County,47023,TN,47,Chester,County,17131,284.7061945,92.31680461,No Mining,0,0.00E+00
Clay County,47027,TN,47,Clay,County,9386,260.5112535,91.62017948,Adjacent,0,0.00E+00
Dickson County,47043,TN,47,Dickson,County,49666,488.1053393,104.0366249,No Mining,0,0.00E+00
Dyer County,47045,TN,47,Dyer,County,38335,526.089847,112.0844612,No Mining,0,0.00E+00
DeKalb County,47041,TN,47,DeKalb,County,18723,328.9087298,105.6331372,Adjacent,0,0.00E+00
Davidson County,47037,TN,47,Davidson,County,626681,525.9850302,125.8863615,No Mining,0,0.00E+00
Decatur County,47039,TN,47,Decatur,County,11757,344.6246986,104.1163448,No Mining,0,0.00E+00
McMinn County,47107,TN,47,McMinn,County,52266,432.9816355,104.2962053,No Mining,0,0.00E+00
McNairy County,47109,TN,47,McNairy,County,26075,564.9031704,101.6519618,No Mining,0,0.00E+00
Loudon County,47105,TN,47,Loudon,County,48556,247.1475225,112.8792363,Adjacent,0,0.00E+00
Lewis County,47101,TN,47,Lewis,County,16372,282.6411134,90.89042631,No Mining,0,0.00E+00
Lincoln County,47103,TN,47,Lincoln,County,18106,570.6926601,114.119487,No Mining,0,0.00E+00
Maury County,47119,TN,47,Maury,County,80956,616.6015776,128.490248,No Mining,0,0.00E+00
Meigs County,47121,TN,47,Meigs,County,11753,217.5303531,113.5160089,Adjacent,0,0.00E+00
Marshall County,47117,TN,47,Marshall,County,33107,375.9919026,114.8453564,No Mining,0,0.00E+00
Macon County,47111,TN,47,Macon,County,22248,307.5222547,74.74389762,Adjacent,0,0.00E+00
Madison County,47113,TN,47,Madison,County,13308,558.800259,97.73767071,No Mining,0,0.00E+00
Lawrence County,47099,TN,47,Lawrence,County,41869,618.2445511,118.8737107,No Mining,0,0.00E+00
Houston County,47083,TN,47,Houston,County,23732,206.9598317,72.45079299,No Mining,0,0.00E+00
Humphreys County,47085,TN,47,Humphreys,County,18538,556.9325465,108.2780664,No Mining,0,0.00E+00
Hickman County,47081,TN,47,Hickman,County,24690,615.1864894,108.5131222,No Mining,0,0.00E+00
Henderson County,47077,TN,47,Henderson,County,78532,525.9286833,102.2269026,No Mining,0,0.00E+00
Henry County,47079,TN,47,Henry,County,54151,592.3993631,109.9441081,No Mining,0,0.00E+00
Lake County,47095,TN,47,Lake,County,7832,196.32845,90.34520302,No Mining,0,0.00E+00
Lauderdale County,47097,TN,47,Lauderdale,County,27815,505.5462924,159.24749,No Mining,0,0.00E+00
Knox County,47093,TN,47,Knox,County,3719,524.9617086,135.3467127,Adjacent,0,0.00E+00
Jefferson County,47089,TN,47,Jefferson,County,83686,314.1706153,107.9655598,Adjacent,0,0.00E+00
Johnson County,47091,TN,47,Johnson,County,8569,302.7817081,94.8255586,No Mining,0,0.00E+00
